dataset_name,split,model_name,structured_encoder,text_embedding_backend,device,n_features,n_examples,loss,auroc,auprc,precision,recall,f1,brier_score,specificity,sensitivity,tp,fp,tn,fn
horizon_6h,val,early_fusion,gru,transformer:emilyalsentzer/Bio_ClinicalBERT,cuda,75,5745,0.1917263903292931,0.8177275182163956,0.29793884530889553,0.37083333333333335,0.31010452961672474,0.3377609108159393,0.04897138801931851,0.97233418834738,0.31010452961672474,89,151,5307,198
horizon_6h,test,early_fusion,gru,transformer:emilyalsentzer/Bio_ClinicalBERT,cuda,75,5827,0.20467970928764098,0.7991447613608313,0.25805469936650666,0.35555555555555557,0.26755852842809363,0.3053435114503817,0.051461860273495176,0.9737698986975398,0.26755852842809363,80,145,5383,219
horizon_6h,val,late_fusion,gru,transformer:emilyalsentzer/Bio_ClinicalBERT,cuda,75,5745,0.19201248441305424,0.8336859361893101,0.28789347259949244,0.3548387096774194,0.34494773519163763,0.3498233215547703,0.0519150998104474,0.9670208867717113,0.34494773519163763,99,180,5278,188
horizon_6h,test,late_fusion,gru,transformer:emilyalsentzer/Bio_ClinicalBERT,cuda,75,5827,0.20413819082999882,0.8040235420528631,0.23393496126836946,0.29844961240310075,0.25752508361204013,0.2764811490125673,0.055749240894007554,0.9672575976845152,0.25752508361204013,77,181,5347,222
horizon_6h,val,gated_fusion,gru,transformer:emilyalsentzer/Bio_ClinicalBERT,cuda,75,5745,0.18015731381148928,0.84100122187423,0.314138667307236,0.3699186991869919,0.3170731707317073,0.34146341463414637,0.04867151305176434,0.9716013191645292,0.3170731707317073,91,155,5303,196
horizon_6h,test,gated_fusion,gru,transformer:emilyalsentzer/Bio_ClinicalBERT,cuda,75,5827,0.1961064698404237,0.8082924751583911,0.2643371930430418,0.35294117647058826,0.2608695652173913,0.3,0.05204517136114973,0.9741316931982634,0.2608695652173913,78,143,5385,221
horizon_6h,val,cross_modal_attention,gru,transformer:emilyalsentzer/Bio_ClinicalBERT,cuda,75,5745,0.25097494030164347,0.5874846627333468,0.06972898991700861,0.0,0.0,0.0,0.060209004571237186,1.0,0.0,0,0,5458,287
horizon_6h,test,cross_modal_attention,gru,transformer:emilyalsentzer/Bio_ClinicalBERT,cuda,75,5827,0.25275473674274473,0.6190639686557701,0.07956342941790928,0.0,0.0,0.0,0.060780866214555626,1.0,0.0,0,0,5528,299
